track name="Enhancers in UCSD_Adipose_Tissue" itemRGB=On color=0,0,0
16_MACS_peak_3883_lociStitched,chr5,172193621,172234118,NM_004417,1,1,22941.5505,5171.4669
12_MACS_peak_907_lociStitched,chr11,65239089,65268114,NR_002819,2,1,18599.22,3288.5325
9_MACS_peak_2375_lociStitched,chr19,12888747,12904374,NM_002229,3,1,15033.174,1801.7931
9_MACS_peak_2502_lociStitched,chr19,39888505,39901406,NM_003407,4,1,13614.4253,1923.5391
9_MACS_peak_4653_lociStitched,chr9,73026660,73036699,NM_001206,5,1,12693.3116,1271.9413
5_MACS_peak_759_lociStitched,chr11,310178,327137,NM_021034,6,1,13161.8799,2160.5766
9_MACS_peak_4771_lociStitched,chr9,132244545,132259886,NM_014064,7,1,12771.3825,1994.33
5_MACS_peak_894_lociStitched,chr11,65185967,65192549,NR_028272,8,1,11211.1206,1012.3116
13_MACS_peak_2298_lociStitched,chr19,1250877,1265873,NM_177401,9,1,11948.8128,1946.4808
12_MACS_peak_2399_lociStitched,chr19,13950546,13962426,NR_029495,10,1,11605.572,1925.748
5_MACS_peak_4045_lociStitched,chr6,35693792,35700701,NM_001145775,11,1,10034.6316,1113.7308
6_MACS_peak_515_lociStitched,chr1,234735533,234749330,NM_182972,12,1,10465.0245,1663.9182
10_MACS_peak_1933_lociStitched,chr17,7737655,7748041,NM_144607,13,1,10100.385,1763.5428
5_MACS_peak_2528_lociStitched,chr19,45245366,45258409,NM_005178,14,1,9989.6337,1670.8083
4_MACS_peak_2663_lociStitched,chr2,28613534,28619168,NM_005253,15,1,9010.4562,960.597
7_MACS_peak_1521_lociStitched,chr14,77498754,77510307,NM_024496,16,1,8283.501,1732.95
3_MACS_peak_2021_lociStitched,chr17,38698005,38710861,NM_003079,17,1,8060.712,1695.7064
8_MACS_peak_1266_lociStitched,chr12,120667663,120676537,NM_025157,18,1,7009.5726,1312.4646
5_MACS_peak_1899_lociStitched,chr17,2294923,2300955,NM_020310,19,1,6404.1744,789.5888
5_MACS_peak_1836_lociStitched,chr16,66550328,66559743,NM_001172643,20,1,6747.7305,1156.162
4_MACS_peak_1413_lociStitched,chr14,35015413,35026049,NM_018453,21,1,6487.96,1496.4852
5_MACS_peak_724_lociStitched,chr10,106088573,106098413,NM_001191013,22,1,6384.192,1707.24
5_MACS_peak_3506_lociStitched,chr3,187456246,187461241,NM_001130845,23,1,5168.826,835.6635
4_MACS_peak_1171_lociStitched,chr12,58283120,58290337,NM_005730,24,1,5432.2359,1121.5218
6_MACS_peak_4532_lociStitched,chr8,103818421,103822952,NM_148174,25,1,4898.011,661.0729
3_MACS_peak_307_lociStitched,chr1,150534015,150540416,NR_036211,26,1,5036.9469,808.4463
7_MACS_peak_2165_lociStitched,chr17,76338233,76349944,NM_003955,27,1,5821.5381,1599.7226
3_MACS_peak_2393_lociStitched,chr19,13264118,13274748,NM_004907,28,1,4968.462,1120.402
4_MACS_peak_287_lociStitched,chr1,145262344,145265622,NM_203458,29,1,5657.1724,1821.2568
4_MACS_peak_267_lociStitched,chr1,120555787,120559057,NM_024408,30,1,5614.263,1778.88
4_MACS_peak_2964_lociStitched,chr2,232468816,232479979,NM_001099285,31,1,5179.632,1361.886
5_MACS_peak_2158_lociStitched,chr17,76312114,76321480,NM_003955,32,1,4856.271,1088.3292
6_MACS_peak_3248_lociStitched,chr22,46462723,46466847,NM_018280,33,1,4013.8892,467.6616
4_MACS_peak_4755_lociStitched,chr9,131901882,131905720,NM_178003,34,1,4135.8288,612.161
4_MACS_peak_638_lociStitched,chr10,70805808,70822204,NR_036430,35,1,5235.2428,1749.4532
5_MACS_peak_1381_lociStitched,chr13,114829703,114833773,NM_023011,36,1,4003.252,696.784
3_MACS_peak_2197_lociStitched,chr17,80250802,80256826,NM_001893,37,1,4066.2,762.036
5_MACS_peak_2817_lociStitched,chr2,102678541,102681695,NM_145687,38,1,3786.377,523.2486
4_MACS_peak_1450_lociStitched,chr14,55569710,55575102,NM_002306,39,1,3873.0736,615.7664
2_MACS_peak_380_lociStitched,chr1,156092433,156098378,NM_170708,40,1,3864.25,626.0085
4_MACS_peak_2220_lociStitched,chr18,3596033,3605264,NR_024101,41,1,4015.485,854.7906
2_MACS_peak_559_lociStitched,chr10,3824541,3826541,NR_027653,42,1,3542.4,394.8
5_MACS_peak_523_lociStitched,chr1,235115313,235117595,NM_014765,43,1,3443.0816,324.5004
3_MACS_peak_10_lociStitched,chr1,1589838,1594722,NM_001110781,44,1,4174.8432,1146.2748
3_MACS_peak_2176_lociStitched,chr17,76408933,76413890,NM_024419,45,1,3850.5976,831.7846
4_MACS_peak_666_lociStitched,chr10,80907761,80911468,NM_020338,46,1,3600.9798,670.967
5_MACS_peak_1039_lociStitched,chr12,6444874,6447667,NM_001065,47,1,3483.9882,586.53
3_MACS_peak_4062_lociStitched,chr6,42750167,42751666,NM_003192,48,1,3071.1512,236.0925
4_MACS_peak_4438_lociStitched,chr8,26467254,26469738,NM_001386,49,1,3229.6968,456.3108
3_MACS_peak_4741_lociStitched,chr9,130597653,130601661,NM_000118,50,1,3472.932,699.7968
4_MACS_peak_1106_lociStitched,chr12,48204744,48208215,NM_001098416,51,1,3314.805,553.6245
4_MACS_peak_2307_lociStitched,chr19,2056020,2061421,NM_017572,52,1,3287.0486,630.2967
4_MACS_peak_395_lociStitched,chr1,156716668,156719284,NM_004494,53,1,2977.5312,362.5776
2_MACS_peak_2509_lociStitched,chr19,40926860,40939490,NM_013376,54,1,3802.893,1207.428
2_MACS_peak_4373_lociStitched,chr7,137663926,137675940,NM_194071,55,1,4302.2134,1732.4188
5_MACS_peak_3683_lociStitched,chr5,38467379,38469581,NM_001127671,56,1,2794.7784,349.6776
5_MACS_peak_987_lociStitched,chr11,111605250,111607281,NM_181700,57,1,2680.92,239.4549
2_MACS_peak_4729_lociStitched,chr9,124046590,124049884,NM_000177,58,1,2857.545,429.867
5_MACS_peak_2988_lociStitched,chr20,1306024,1307752,NM_080489,59,1,2750.6304,341.6256
4_MACS_peak_4655_lociStitched,chr9,73093968,73096212,NM_001206,60,1,2656.6716,346.0248
4_MACS_peak_2128_lociStitched,chr17,71300863,71304325,NM_012121,61,1,2709.3612,434.1348
3_MACS_peak_4196_lociStitched,chr7,1572815,1577544,NM_002360,62,1,2903.606,668.2077
4_MACS_peak_465_lociStitched,chr1,203256368,203259621,NR_034150,63,1,2854.8328,625.5519
4_MACS_peak_2340_lociStitched,chr19,6272319,6274880,NM_002096,64,1,2709.7941,488.8949
3_MACS_peak_2339_lociStitched,chr19,6056545,6058215,NM_007320,65,1,2538.734,327.654
3_MACS_peak_2074_lociStitched,chr17,48943277,48945248,NM_006107,66,1,2488.3875,300.5775
5_MACS_peak_3846_lociStitched,chr5,149865805,149867786,NM_001025071,67,1,2469.3165,282.2925
2_MACS_peak_1822_lociStitched,chr16,53124563,53133599,NM_025134,68,1,3158.082,1036.4292
5_MACS_peak_4764_lociStitched,chr9,132174984,132176654,NM_014064,69,1,2438.2,320.473
5_MACS_peak_2775_lociStitched,chr2,85664354,85665949,NM_005911,70,1,2276.2245,206.712
2_MACS_peak_644_lociStitched,chr10,73527255,73531181,NM_022153,71,1,2596.6564,588.5074
3_MACS_peak_2693_lociStitched,chr2,43496010,43503708,NR_027251,72,0,2900.6064,918.3714
3_MACS_peak_3629_lociStitched,chr4,140097806,140099561,NM_057175,73,0,2232.009,250.614
3_MACS_peak_99_lociStitched,chr1,26946623,26947933,NM_006015,74,0,2202.372,238.551
3_MACS_peak_1271_lociStitched,chr12,122238127,122239294,NR_002809,75,0,2173.7709,210.6435
4_MACS_peak_3930_lociStitched,chr6,3063831,3069042,NR_026650,76,0,2670.6375,712.8648
4_MACS_peak_3197_lociStitched,chr22,36551287,36553030,NM_030882,77,0,2200.7118,263.3673
4_MACS_peak_2825_lociStitched,chr2,102758729,102760346,NM_145687,78,0,2112.4488,193.7166
4_MACS_peak_2173_lociStitched,chr17,76380680,76384445,NM_024419,79,0,2470.9695,554.5845
4_MACS_peak_375_lociStitched,chr1,156074424,156076650,NM_005572,80,0,2295.4512,394.8924
4_MACS_peak_1475_lociStitched,chr14,69281798,69283522,NM_207442,81,0,2109.4864,224.8096
2_MACS_peak_278_lociStitched,chr1,144982540,144983629,NM_001002812,82,0,2518.2036,648.9351
4_MACS_peak_555_lociStitched,chr10,3509590,3511893,NR_027653,83,0,2182.7834,324.9533
2_MACS_peak_3560_lociStitched,chr4,38669224,38674932,NR_026804,84,0,2326.01,507.4412
3_MACS_peak_863_lociStitched,chr11,62320796,62323704,NM_024060,85,0,2210.9524,410.9004
4_MACS_peak_388_lociStitched,chr1,156473018,156475177,NM_005920,86,0,2017.8014,234.6833
3_MACS_peak_3267_lociStitched,chr22,50976342,50978410,NM_001014440,87,0,2114.3232,339.5656
3_MACS_peak_1146_lociStitched,chr12,56241289,56243476,NM_014182,88,0,2162.943,389.0673
2_MACS_peak_1782_lociStitched,chr16,27338039,27339272,NM_000418,89,0,1964.169,192.4713
2_MACS_peak_276_lociStitched,chr1,144707221,144708309,NM_001002811,90,0,2393.4912,635.2832
3_MACS_peak_2947_lociStitched,chr2,219232966,219236290,NM_021198,91,0,2086.1424,345.696
3_MACS_peak_3152_lociStitched,chr21,46713194,46715217,NM_000211,92,0,1983.3492,267.4406
2_MACS_peak_418_lociStitched,chr1,161368644,161369860,NM_001035511,93,0,1898.6624,192.4928
3_MACS_peak_1938_lociStitched,chr17,8058709,8060495,NM_002616,94,0,2046.3988,346.8412
2_MACS_peak_4363_lociStitched,chr7,128170767,128172273,NM_018396,95,0,1906.1442,207.5268
2_MACS_peak_3157_lociStitched,chr21,47392473,47394619,NM_058181,96,0,2017.6692,321.0416
2_MACS_peak_3894_lociStitched,chr5,172314390,172324179,NM_001031711,97,0,2826.0843,1151.1864
3_MACS_peak_3892_lociStitched,chr5,172295929,172297903,NM_001031711,98,0,2025.1266,364.9926
3_MACS_peak_2683_lociStitched,chr2,43151216,43153192,NM_012205,99,0,1984.2992,332.3632
3_MACS_peak_3103_lociStitched,chr20,62317599,62319392,NM_001083113,100,0,1882.1121,257.2955
3_MACS_peak_3176_lociStitched,chr22,23863125,23865558,NM_001007468,101,0,1981.9218,377.8449
4_MACS_peak_2863_lociStitched,chr2,145273512,145275008,NM_001164629,102,0,1741.7928,162.1664
2_MACS_peak_2325_lociStitched,chr19,3404074,3405132,NM_005597,103,0,1687.4042,132.779
4_MACS_peak_136_lociStitched,chr1,33804011,33805289,NM_004427,104,0,1785.6216,250.3602
4_MACS_peak_329_lociStitched,chr1,153580581,153582884,NM_080388,105,0,1844.0121,314.1292
2_MACS_peak_4828_lociStitched,chrX,75364712,75370066,NM_183353,106,0,2125.0026,603.3958
2_MACS_peak_3694_lociStitched,chr5,42992573,42994160,NR_034085,107,0,1708.2468,234.0825
3_MACS_peak_2015_lociStitched,chr17,38479310,38480763,NM_001145301,108,0,1745.4889,297.865
2_MACS_peak_4444_lociStitched,chr8,28258048,28269325,NM_001440,109,0,2667.0105,1238.2146
3_MACS_peak_1015_lociStitched,chr11,118787094,118788872,NM_182557,110,0,1683.9438,259.9436
1_MACS_peak_765_lociStitched,chr11,355261,356100,NM_021034,111,0,1596.9526,175.7705
3_MACS_peak_1499_lociStitched,chr14,75724886,75726493,NM_005252,112,0,1634.9618,226.1049
3_MACS_peak_2278_lociStitched,chr19,1154701,1155921,NM_014963,113,0,1591.612,191.296
2_MACS_peak_55_lociStitched,chr1,12244606,12245982,NM_014874,114,0,1539.8816,158.928
2_MACS_peak_3201_lociStitched,chr22,36727149,36728435,NM_002473,115,0,1552.3306,180.04
4_MACS_peak_4211_lociStitched,chr7,5595205,5596324,NM_001101,116,0,1551.3816,206.3436
3_MACS_peak_3785_lociStitched,chr5,131830890,131832233,NM_002198,117,0,1564.3264,220.7892
2_MACS_peak_1507_lociStitched,chr14,75800849,75807704,NM_005252,118,0,2073.6375,732.7995
2_MACS_peak_1606_lociStitched,chr15,45019903,45021779,NM_004048,119,0,1535.1308,196.7924
2_MACS_peak_2059_lociStitched,chr17,44449762,44450710,NM_016632,120,0,1585.4352,250.5564
4_MACS_peak_3226_lociStitched,chr22,41808666,41809967,NM_003216,121,0,1549.7512,232.4887
2_MACS_peak_24_lociStitched,chr1,2144670,2145497,NM_001146310,122,0,1458.0837,148.6946
2_MACS_peak_2331_lociStitched,chr19,4058286,4059773,NM_015898,123,0,1537.558,240.894
2_MACS_peak_994_lociStitched,chr11,114032668,114034390,NM_001018011,124,0,1598.5326,303.4164
2_MACS_peak_1486_lociStitched,chr14,74221031,74222254,NM_194278,125,0,1501.1102,221.6076
2_MACS_peak_2447_lociStitched,chr19,18589439,18591348,NM_006532,126,0,1478.1387,224.4984
3_MACS_peak_2121_lociStitched,chr17,66373281,66374349,NM_017983,127,0,1369.6032,130.1892
3_MACS_peak_2326_lociStitched,chr19,3670517,3671584,NM_021231,128,0,1376.2166,139.8837
3_MACS_peak_4683_lociStitched,chr9,93954890,93956361,NM_005384,129,0,1444.3749,227.7108
3_MACS_peak_2594_lociStitched,chr19,54712503,54713510,NM_001013,130,0,1372.4403,170.4851
3_MACS_peak_830_lociStitched,chr11,47415977,47417145,NM_152264,131,0,1334.9072,138.1744
1_MACS_peak_686_lociStitched,chr10,95197313,95198041,NM_133337,132,0,1362.452,166.8576
2_MACS_peak_2738_lociStitched,chr2,64977686,64979238,NM_014755,133,0,1424.2704,229.0752
2_MACS_peak_2879_lociStitched,chr2,157198430,157199556,NM_006186,134,0,1420.3364,237.023
3_MACS_peak_245_lociStitched,chr1,112902547,112903757,NM_018704,135,0,1410.618,240.669
2_MACS_peak_62_lociStitched,chr1,16029495,16030756,NM_015164,136,0,1401.7276,240.851
2_MACS_peak_706_lociStitched,chr10,102759628,102760596,NR_024245,137,0,1294.7968,135.9072
2_MACS_peak_3479_lociStitched,chr3,159481140,159482678,NM_002268,138,0,1350.9792,193.019
2_MACS_peak_3259_lociStitched,chr22,50328104,50328861,NM_001001852,139,0,1252.9107,105.1473
2_MACS_peak_2701_lociStitched,chr2,47260872,47262103,NM_001171508,140,0,1328.249,210.0086
1_MACS_peak_471_lociStitched,chr1,206577575,206578563,NM_001004023,141,0,1787.292,680.4356
2_MACS_peak_2038_lociStitched,chr17,41445662,41446703,NR_027412,142,0,1163.6298,73.8069
3_MACS_peak_440_lociStitched,chr1,182112959,182114352,NM_001033056,143,0,1254.2572,180.8114
1_MACS_peak_271_lociStitched,chr1,121127335,121128322,NM_024408,144,0,1703.1672,659.2173
3_MACS_peak_3325_lociStitched,chr3,44480819,44481696,NM_173826,145,0,1193.4216,151.3702
2_MACS_peak_2846_lociStitched,chr2,128144710,128145466,NM_017969,146,0,1107.54,76.6584
1_MACS_peak_1524_lociStitched,chr14,90849922,90850533,NM_001166106,147,0,1123.7512,99.1653
2_MACS_peak_3375_lociStitched,chr3,63897760,63898612,NM_025075,148,0,1110.6672,107.352
2_MACS_peak_3271_lociStitched,chr3,4909531,4910410,NM_003670,149,0,1158.6978,160.5054
2_MACS_peak_2756_lociStitched,chr2,70368792,70369413,NR_024444,150,0,1104.5106,110.9727
2_MACS_peak_4785_lociStitched,chr9,137263006,137264653,NM_007371,151,0,1297.0125,324.1296
2_MACS_peak_1244_lociStitched,chr12,109899798,109900867,NM_031954,152,0,1150.6716,182.0507
1_MACS_peak_3384_lociStitched,chr3,73159913,73160168,NM_174907,153,0,1186.413,226.338
2_MACS_peak_1549_lociStitched,chr14,103588576,103589383,NM_006035,154,0,1107.5268,149.295
1_MACS_peak_281_lociStitched,chr1,145139459,145140001,NM_004892,155,0,1188.335,236.2036
2_MACS_peak_3709_lociStitched,chr5,52095496,52096538,NM_181501,156,0,1135.9884,189.644
2_MACS_peak_323_lociStitched,chr1,152020028,152021032,NM_005620,157,0,1157.4112,221.884
3_MACS_peak_2321_lociStitched,chr19,3335989,3337496,NM_005597,158,0,1168.3771,241.12
2_MACS_peak_1576_lociStitched,chr15,31684295,31689284,NM_015995,159,0,1399.9134,477.9462
2_MACS_peak_1641_lociStitched,chr15,69109544,69110364,NM_006091,160,0,1028.28,112.012
2_MACS_peak_519_lociStitched,chr1,234859308,234860577,NM_182972,161,0,1123.6995,213.4458
2_MACS_peak_1895_lociStitched,chr17,1686295,1687032,NM_152348,162,0,1016.9126,109.6656
1_MACS_peak_2090_lociStitched,chr17,57915525,57915921,NM_003161,163,0,961.4088,55.7964
3_MACS_peak_2883_lociStitched,chr2,161263714,161264235,NM_016836,164,0,936.6538,50.537
1_MACS_peak_4765_lociStitched,chr9,132222897,132223487,NM_014064,165,0,992.439,106.849
1_MACS_peak_300_lociStitched,chr1,149832884,149833473,NR_036461,166,0,1095.8345,217.1643
3_MACS_peak_4331_lociStitched,chr7,104624297,104625208,NR_024586,167,0,1014.3074,139.7474
2_MACS_peak_3646_lociStitched,chr4,166143326,166144835,NM_007246,168,0,1341.0483,467.0355
2_MACS_peak_3279_lociStitched,chr3,5027739,5028537,NM_003670,169,0,1013.3802,141.246
2_MACS_peak_1242_lociStitched,chr12,109232864,109233711,NM_001161331,170,0,1049.6871,182.952
2_MACS_peak_64_lociStitched,chr1,16161525,16162226,NM_015001,171,0,989.6017,129.1943
2_MACS_peak_3429_lociStitched,chr3,129345278,129346267,NM_052990,172,0,1005.6152,152.8005
2_MACS_peak_1079_lociStitched,chr12,13253570,13254655,NM_001423,173,0,1038.345,198.0125
2_MACS_peak_2315_lociStitched,chr19,2543510,2544933,NM_015675,174,0,1031.9596,194.5241
2_MACS_peak_884_lociStitched,chr11,65058766,65060170,NM_006779,175,0,1070.55,233.3448
2_MACS_peak_1456_lociStitched,chr14,61943034,61943609,NM_001530,176,0,927.3025,92.23
1_MACS_peak_1796_lociStitched,chr16,30205166,30205611,NM_001109891,177,0,1073.785,238.876
4_MACS_peak_2441_lociStitched,chr19,18402602,18403201,NR_036155,178,0,903.1722,72.7186
2_MACS_peak_954_lociStitched,chr11,72448307,72449779,NM_006645,179,0,1003.4624,174.8736
2_MACS_peak_2425_lociStitched,chr19,16188890,16189581,NM_003290,180,0,987.2317,159.6901
2_MACS_peak_1468_lociStitched,chr14,69013995,69014890,NM_004926,181,0,1031.219,208.356
2_MACS_peak_3513_lociStitched,chr3,188666146,188666855,NR_036497,182,0,961.6167,146.1249
3_MACS_peak_3328_lociStitched,chr3,46138966,46139731,NM_024513,183,0,913.1805,102.4335
3_MACS_peak_4474_lociStitched,chr8,48571129,48572329,NM_005195,184,0,893.04,83.64
2_MACS_peak_805_lociStitched,chr11,18405620,18406310,NM_001165416,185,0,932.052,124.2
2_MACS_peak_1688_lociStitched,chr15,93351897,93352921,NR_037600,186,0,957.8496,157.2864
2_MACS_peak_204_lociStitched,chr1,65533105,65533864,NM_002227,187,0,892.584,93.5847
2_MACS_peak_4264_lociStitched,chr7,66146633,66147552,NM_001167961,188,0,921.9408,124.8921
1_MACS_peak_1059_lociStitched,chr12,8179372,8179809,NM_018416,189,0,842.5797,70.2259
2_MACS_peak_858_lociStitched,chr11,61738700,61739749,NM_002032,190,0,934.7639,163.644
2_MACS_peak_2419_lociStitched,chr19,15947314,15947835,NM_003290,191,0,846.5729,80.3382
2_MACS_peak_3181_lociStitched,chr22,27068805,27069375,NM_012399,192,0,865.431,102.144
3_MACS_peak_2665_lociStitched,chr2,28939395,28940659,NM_206876,193,0,907.9312,145.7392
2_MACS_peak_4442_lociStitched,chr8,26497414,26498512,NM_001386,194,0,914.4144,166.6764
1_MACS_peak_1172_lociStitched,chr12,59990294,59990802,NM_153377,195,0,796.3916,49.6316
2_MACS_peak_3915_lociStitched,chr5,180673082,180673840,NM_006098,196,0,875.9448,135.5304
2_MACS_peak_3155_lociStitched,chr21,46970532,46974975,NM_000211,197,0,1241.8185,505.6134
2_MACS_peak_2968_lociStitched,chr2,232505756,232508063,NM_001099285,198,0,930.4131,194.4801
2_MACS_peak_2686_lociStitched,chr2,43445935,43447212,NM_006887,199,0,986.8656,256.2939
2_MACS_peak_4262_lociStitched,chr7,66119126,66119790,NM_001167961,200,0,849.3224,119.7856
1_MACS_peak_4695_lociStitched,chr9,96928599,96928958,NM_032558,201,0,758.8542,29.8329
2_MACS_peak_1697_lociStitched,chr15,93571681,93572549,NR_036136,202,0,845.866,116.9196
2_MACS_peak_716_lociStitched,chr10,104575018,104575698,NM_144591,203,0,851.632,138.992
2_MACS_peak_787_lociStitched,chr11,9385561,9386250,NM_006391,204,0,824.8708,115.6831
3_MACS_peak_3868_lociStitched,chr5,172160383,172161166,NM_004417,205,0,826.065,127.7856
2_MACS_peak_3001_lociStitched,chr20,3788660,3791226,NM_018347,206,0,893.4812,200.6612
2_MACS_peak_3255_lociStitched,chr22,47149602,47150210,NM_014346,207,0,767.7824,87.7952
1_MACS_peak_521_lociStitched,chr1,234953010,234953496,NM_182972,208,0,958.5378,280.0332
2_MACS_peak_3221_lociStitched,chr22,41047861,41048602,NM_020831,209,0,751.6704,77.8791
1_MACS_peak_3023_lociStitched,chr20,23341988,23342357,NM_013248,210,0,716.3766,44.2062
2_MACS_peak_3664_lociStitched,chr4,185733921,185735173,NM_001995,211,0,791.3892,119.566
2_MACS_peak_3636_lociStitched,chr4,141072580,141073270,NR_033939,212,0,776.181,107.985
1_MACS_peak_508_lociStitched,chr1,234667207,234667570,NM_182972,213,0,745.3116,83.7441
1_MACS_peak_1873_lociStitched,chr16,88268684,88269032,NM_079837,214,0,738.6648,77.4648
2_MACS_peak_2030_lociStitched,chr17,40671363,40672008,NM_001042531,215,0,744.201,83.0115
2_MACS_peak_4165_lociStitched,chr6,157342454,157342983,NM_020732,216,0,723.3546,67.3417
2_MACS_peak_1326_lociStitched,chr13,45492590,45493275,NM_012345,217,0,732.7445,78.2955
2_MACS_peak_742_lociStitched,chr10,123872547,123873123,NM_007041,218,0,723.5712,74.3616
3_MACS_peak_3088_lociStitched,chr20,52209798,52210761,NM_002623,219,0,781.956,137.709
1_MACS_peak_3070_lociStitched,chr20,45987515,45987964,NM_183048,220,0,691.3702,62.3661
2_MACS_peak_3454_lociStitched,chr3,146186704,146187086,NM_021105,221,0,687.5236,66.85
1_MACS_peak_957_lociStitched,chr11,75023359,75023718,NM_001005,222,0,676.4996,65.0508
2_MACS_peak_824_lociStitched,chr11,45168110,45168512,NM_001127457,223,0,648.5868,39.2352
2_MACS_peak_4294_lociStitched,chr7,77649023,77649645,NM_198467,224,0,706.9652,98.0272
2_MACS_peak_3032_lociStitched,chr20,33865353,33865789,NM_015638,225,0,651.384,43.0332
1_MACS_peak_4006_lociStitched,chr6,31790059,31790460,NM_005346,226,0,653.5498,47.3581
2_MACS_peak_2366_lociStitched,chr19,11253546,11253942,NM_001128849,227,0,634.7484,33.5808
2_MACS_peak_1747_lociStitched,chr16,11733896,11734812,NR_024320,228,0,794.3552,194.65
2_MACS_peak_256_lociStitched,chr1,115826053,115826563,NM_001102396,229,0,663.714,64.668
2_MACS_peak_3357_lociStitched,chr3,50638765,50639206,NM_013324,230,0,678.3462,87.4944
1_MACS_peak_1889_lociStitched,chr17,1481026,1481428,NM_006224,231,0,659.28,70.1088
2_MACS_peak_630_lociStitched,chr10,65389482,65389868,NM_001001330,232,0,630.145,43.4636
2_MACS_peak_3725_lociStitched,chr5,71748317,71749311,NM_002270,233,0,760.7082,174.944
2_MACS_peak_2950_lociStitched,chr2,219261427,219262172,NM_021198,234,0,625.7255,40.528
1_MACS_peak_269_lociStitched,chr1,120594062,120594476,NM_024408,235,0,737.7066,159.3072
1_MACS_peak_277_lociStitched,chr1,144967282,144967669,NM_001002812,236,0,807.4755,230.1102
2_MACS_peak_1731_lociStitched,chr16,4233347,4233750,NM_138440,237,0,676.1534,102.8859
2_MACS_peak_2427_lociStitched,chr19,16394341,16394803,NM_016270,238,0,636.9594,64.911
1_MACS_peak_274_lociStitched,chr1,144691979,144692366,NM_001002811,239,0,795.7881,231.5808
2_MACS_peak_3120_lociStitched,chr21,33892844,33893789,NR_036552,240,0,675.0135,111.132
1_MACS_peak_283_lociStitched,chr1,145226957,145227371,NM_203458,241,0,723.2994,159.7212
2_MACS_peak_2724_lociStitched,chr2,61991087,61991802,NM_006430,242,0,656.37,97.669
2_MACS_peak_2417_lociStitched,chr19,15442701,15443184,NM_005858,243,0,613.9896,60.4233
1_MACS_peak_1789_lociStitched,chr16,29273486,29273772,NR_002939,244,0,597.8544,54.483
2_MACS_peak_1134_lociStitched,chr12,53764759,53765387,NM_138473,245,0,622.4736,80.1956
2_MACS_peak_2569_lociStitched,chr19,49228161,49232376,NR_004401,246,0,1103.0655,565.2315
2_MACS_peak_4617_lociStitched,chr9,33159586,33160007,NM_001497,247,0,594.9572,59.9504
1_MACS_peak_1827_lociStitched,chr16,56645143,56645415,NM_005953,248,0,578.3808,48.7152
2_MACS_peak_4707_lociStitched,chr9,107753506,107753973,NM_005502,249,0,575.9044,50.5761
1_MACS_peak_1087_lociStitched,chr12,25538702,25539006,NM_001001660,250,0,579.5152,54.3552
1_MACS_peak_3192_lociStitched,chr22,32033792,32034139,NM_014338,251,0,582.9253,57.9143
1_MACS_peak_4629_lociStitched,chr9,34665623,34665933,NM_148179,252,0,585.652,65.038
1_MACS_peak_1445_lociStitched,chr14,55032007,55032391,NM_004124,253,0,585.0624,65.1264
2_MACS_peak_4282_lociStitched,chr7,75071801,75072445,NM_031925,254,0,692.5576,173.1072
1_MACS_peak_775_lociStitched,chr11,2421103,2421407,NM_021134,255,0,572.584,57.912
2_MACS_peak_4185_lociStitched,chr6,169613601,169614013,NM_182552,256,0,596.9468,82.9356
1_MACS_peak_1798_lociStitched,chr16,30389171,30389515,NM_006110,257,0,575.6496,62.092
2_MACS_peak_505_lociStitched,chr1,231557394,231557837,NM_032018,258,0,598.1829,92.9857
1_MACS_peak_1680_lociStitched,chr15,90943916,90944210,NM_003870,259,0,542.5476,40.6014
1_MACS_peak_4658_lociStitched,chr9,73215498,73215843,NM_001206,260,0,560.9355,60.651
1_MACS_peak_2444_lociStitched,chr19,18415761,18416219,NM_012321,261,0,612.2086,113.6756
1_MACS_peak_26_lociStitched,chr1,2480533,2480860,NM_003820,262,0,567.4431,69.0624
1_MACS_peak_4082_lociStitched,chr6,74289798,74290102,NM_001402,263,0,532.304,37.1488
1_MACS_peak_1036_lociStitched,chr12,752299,752639,NM_014823,264,0,539.342,44.88
2_MACS_peak_3024_lociStitched,chr20,30160404,30160924,NM_002165,265,0,576.628,87.308
1_MACS_peak_3641_lociStitched,chr4,144833083,144833405,NM_003601,266,0,521.7688,37.03
2_MACS_peak_3967_lociStitched,chr6,27446756,27447170,NM_003510,267,0,571.6512,91.5768
2_MACS_peak_3085_lociStitched,chr20,49032482,49032808,NR_034124,268,0,525.5772,46.3572
2_MACS_peak_1563_lociStitched,chr14,105947393,105947772,NM_001312,269,0,511.3089,40.9699
2_MACS_peak_1681_lociStitched,chr15,91100543,91100863,NM_022769,270,0,488,21.44
2_MACS_peak_550_lociStitched,chr10,976911,977301,NM_012341,271,0,524.394,62.205
1_MACS_peak_1188_lociStitched,chr12,66628834,66629164,NM_001142523,272,0,522.423,62.106
1_MACS_peak_243_lociStitched,chr1,112050570,112050942,NM_024102,273,0,570.8712,112.7904
1_MACS_peak_1671_lociStitched,chr15,85176939,85177302,NR_004859,274,0,540.7248,89.1528
2_MACS_peak_383_lociStitched,chr1,156426726,156427061,NM_005920,275,0,498.7815,50.183
2_MACS_peak_687_lociStitched,chr10,95225756,95226097,NM_133337,276,0,485.243,44.5687
2_MACS_peak_680_lociStitched,chr10,92923024,92923381,NM_182765,277,0,477.666,37.7706
1_MACS_peak_2118_lociStitched,chr17,66233716,66234055,NM_016627,278,0,553.7226,114.6159
2_MACS_peak_1285_lociStitched,chr12,125166168,125166517,NM_006312,279,0,466.8224,31.8986
1_MACS_peak_1522_lociStitched,chr14,77542099,77542457,NM_033426,280,0,529.84,95.944
2_MACS_peak_4559_lociStitched,chr8,128866236,128866562,NM_002467,281,0,466.1148,39.1526
2_MACS_peak_3188_lociStitched,chr22,30687544,30687860,NM_020530,282,0,449.0992,28.9456
2_MACS_peak_475_lociStitched,chr1,207999797,208000181,NM_172361,283,0,461.8752,43.8528
1_MACS_peak_2603_lociStitched,chr19,56146529,56146770,NM_207115,284,0,465.5397,49.2122
2_MACS_peak_4342_lociStitched,chr7,106061399,106061748,NM_005746,285,0,456.9108,44.4975
1_MACS_peak_52_lociStitched,chr1,11850645,11850933,NM_005957,286,0,460.9152,48.5856
1_MACS_peak_3936_lociStitched,chr6,4018620,4018931,NM_003913,287,0,456.7346,45.4371
1_MACS_peak_3026_lociStitched,chr20,30300858,30301143,NM_001191,288,0,462.27,57.228
2_MACS_peak_4115_lociStitched,chr6,111923889,111924250,NR_028338,289,0,456.4123,57.5434
2_MACS_peak_2547_lociStitched,chr19,47614555,47614893,NM_015168,290,0,433.823,35.7942
2_MACS_peak_497_lociStitched,chr1,227161870,227162339,NM_014826,291,0,453.4292,60.5948
1_MACS_peak_664_lociStitched,chr10,80733140,80733417,NM_020338,292,0,433.5881,41.6331
1_MACS_peak_2111_lociStitched,chr17,62982262,62982540,NR_026903,293,0,477.2982,85.8742
1_MACS_peak_2056_lociStitched,chr17,43662308,43662638,NR_027774,294,0,476.355,85.338
2_MACS_peak_3899_lociStitched,chr5,176734386,176734740,NM_006816,295,0,429.048,52.0734
1_MACS_peak_334_lociStitched,chr1,153670272,153670520,NM_023015,296,0,410.6384,36.828
1_MACS_peak_351_lociStitched,chr1,154392352,154392642,NM_181359,297,0,438.219,68.382
1_MACS_peak_1104_lociStitched,chr12,46776863,46777095,NM_018976,298,0,406.5568,39.2544
1_MACS_peak_3692_lociStitched,chr5,42951061,42951403,NR_034085,299,0,418.5738,55.8486
1_MACS_peak_3857_lociStitched,chr5,154134120,154134438,NM_004779,300,0,437.8542,78.705
1_MACS_peak_2193_lociStitched,chr17,80175223,80175485,NM_198082,301,0,376.5202,32.4618
1_MACS_peak_2605_lociStitched,chr19,56825951,56826214,NR_003127,302,0,406.5191,62.8044
1_MACS_peak_273_lociStitched,chr1,144593491,144593840,NM_001002811,303,0,534.3888,191.2869
1_MACS_peak_340_lociStitched,chr1,153935592,153935891,NM_014437,304,0,408.7629,67.3647
1_MACS_peak_3133_lociStitched,chr21,37502535,37502830,NM_017438,305,0,429.048,87.792
1_MACS_peak_4476_lociStitched,chr8,48648539,48648767,NM_005195,306,0,360.9012,20.3832
1_MACS_peak_4012_lociStitched,chr6,32014684,32014925,NM_004197,307,0,364.5125,25.5219
1_MACS_peak_4722_lociStitched,chr9,116383367,116383645,NM_021106,308,0,386.7536,49.8176
1_MACS_peak_2976_lociStitched,chr2,238596778,238597096,NM_001137551,309,0,400.9026,67.6068
1_MACS_peak_292_lociStitched,chr1,148555797,148556146,NR_027354,310,0,520.1147,188.3902
2_MACS_peak_3743_lociStitched,chr5,90607175,90607497,NR_027435,311,0,370.3644,39.928
1_MACS_peak_151_lociStitched,chr1,36839806,36840027,NM_032017,312,0,375.5232,46.3879
1_MACS_peak_22_lociStitched,chr1,2081837,2082045,NR_024445,313,0,347.7136,23.3792
1_MACS_peak_936_lociStitched,chr11,67007782,67008005,NM_207354,314,0,340.3203,16.3905
1_MACS_peak_652_lociStitched,chr10,74057341,74057563,NM_019058,315,0,359.4846,37.8732
1_MACS_peak_595_lociStitched,chr10,31986440,31986668,NM_018287,316,0,377.9328,59.3028
1_MACS_peak_2515_lociStitched,chr19,41226943,41227169,NM_025194,317,0,343.52,30.0128
1_MACS_peak_1683_lociStitched,chr15,91414576,91414806,NM_001143785,318,0,322.828,10.856
1_MACS_peak_288_lociStitched,chr1,145455034,145455261,NM_006472,319,0,344.8811,37.455
1_MACS_peak_2826_lociStitched,chr2,102843767,102843956,NM_145687,320,0,338.0832,33.2451
1_MACS_peak_280_lociStitched,chr1,145092297,145092579,NM_004892,321,0,378.5286,83.331
1_MACS_peak_1122_lociStitched,chr12,50636224,50636482,NM_001113546,322,0,321.21,29.5926
1_MACS_peak_3800_lociStitched,chr5,133801796,133801984,NM_015288,323,0,344.6416,55.5164
1_MACS_peak_54_lociStitched,chr1,12212740,12212935,NM_014874,324,0,314.1255,25.4085
1_MACS_peak_1385_lociStitched,chr14,21924655,21924884,NM_020920,325,0,321.287,35.5408
1_MACS_peak_2640_lociStitched,chr2,20650023,20650274,NM_004040,326,0,307.1487,24.0709
1_MACS_peak_4300_lociStitched,chr7,95237660,95237916,NM_002612,327,0,333.5168,50.8672
1_MACS_peak_3488_lociStitched,chr3,174158779,174159038,NM_001146277,328,0,318.9067,40.3004
1_MACS_peak_3834_lociStitched,chr5,141229544,141229772,NM_001142603,329,0,295.5564,18.582
1_MACS_peak_3335_lociStitched,chr3,48514183,48514390,NM_016381,330,0,331.9245,55.5174
1_MACS_peak_3410_lociStitched,chr3,119041493,119041696,NM_020754,331,0,317.6747,41.9601
1_MACS_peak_572_lociStitched,chr10,17258778,17259009,NM_003380,332,0,301.455,26.6343
1_MACS_peak_104_lociStitched,chr1,27191953,27192210,NM_018066,333,0,311.5097,37.008
1_MACS_peak_2034_lociStitched,chr17,40831376,40831657,NM_013290,334,0,320.5086,48.9221
1_MACS_peak_1353_lociStitched,chr13,98628288,98628552,NM_021033,335,0,300.828,32.0232
1_MACS_peak_3621_lociStitched,chr4,120259000,120259226,NM_001001701,336,0,341.9832,73.2692
1_MACS_peak_2970_lociStitched,chr2,232531439,232531647,NM_001099285,337,0,307.1536,39.6448
1_MACS_peak_122_lociStitched,chr1,32420725,32420903,NM_080391,338,0,309.5064,43.3964
1_MACS_peak_4249_lociStitched,chr7,44678566,44678765,NM_001003941,339,0,296.311,30.3674
1_MACS_peak_2848_lociStitched,chr2,128395624,128395814,NM_017969,340,0,283.005,17.252
1_MACS_peak_534_lociStitched,chr1,244210944,244211196,NM_001126,341,0,306.8604,41.1516
1_MACS_peak_4288_lociStitched,chr7,76095165,76095467,NM_001102594,342,0,367.3528,102.0156
1_MACS_peak_4291_lociStitched,chr7,76593273,76593575,NM_020879,343,0,367.3528,102.0156
1_MACS_peak_1634_lociStitched,chr15,65185730,65185948,NM_025201,344,0,307.9032,45.5838
1_MACS_peak_1958_lociStitched,chr17,16189499,16189728,NM_006311,345,0,313.1117,52.5555
1_MACS_peak_4202_lociStitched,chr7,4764695,4764928,NM_014855,346,0,275.7322,25.1174
1_MACS_peak_3144_lociStitched,chr21,44597003,44597213,NM_006758,347,0,292.719,42.357
1_MACS_peak_1113_lociStitched,chr12,49454346,49454520,NM_002733,348,0,280.5228,30.7632
1_MACS_peak_3643_lociStitched,chr4,146654531,146654747,NM_172250,349,0,306.8496,59.0112
1_MACS_peak_564_lociStitched,chr10,5987488,5987723,NM_002189,350,0,278.9215,31.3255
1_MACS_peak_4038_lociStitched,chr6,35570340,35570550,NM_001145776,351,0,300.174,56.133
1_MACS_peak_3670_lociStitched,chr5,6712462,6712663,NM_001047,352,0,265.3803,21.9693
1_MACS_peak_1976_lociStitched,chr17,25680382,25680564,NM_134265,353,0,256.7474,14.105
1_MACS_peak_624_lociStitched,chr10,63663237,63663437,NM_032804,354,0,276.5,35.66
1_MACS_peak_2518_lociStitched,chr19,41641287,41641501,NM_001699,355,0,286.5032,46.2026
1_MACS_peak_3424_lociStitched,chr3,128399624,128399840,NM_002950,356,0,274.7304,37.4328
1_MACS_peak_4130_lociStitched,chr6,126101887,126102090,NM_001122842,357,0,275.1462,40.0519
1_MACS_peak_1962_lociStitched,chr17,17598435,17598595,NM_030665,358,0,246.64,11.664
1_MACS_peak_592_lociStitched,chr10,31073999,31074179,NM_001143766,359,0,269.46,35.604
1_MACS_peak_958_lociStitched,chr11,75269867,75270092,NM_001235,360,0,290.34,57.0375
1_MACS_peak_792_lociStitched,chr11,9634970,9635201,NM_003390,361,0,267.8676,34.6962
1_MACS_peak_2202_lociStitched,chr17,81147136,81147335,NM_001009905,362,0,253.4464,25.2531
1_MACS_peak_4576_lociStitched,chr8,142129290,142129487,NM_014957,363,0,244.8119,16.942
1_MACS_peak_4567_lociStitched,chr8,134516820,134517016,NM_003033,364,0,264.208,36.3384
1_MACS_peak_3711_lociStitched,chr5,55776675,55776910,NM_153706,365,0,264.328,36.9185
1_MACS_peak_3855_lociStitched,chr5,150594566,150594752,NM_015621,366,0,245.8734,18.507
1_MACS_peak_4325_lociStitched,chr7,101500214,101500402,NM_016068,367,0,246.1672,18.9128
1_MACS_peak_3306_lociStitched,chr3,30327915,30328141,NM_001024847,368,0,263.4934,36.386
1_MACS_peak_2525_lociStitched,chr19,42772559,42772815,NM_006494,369,0,280.6528,54.4512
1_MACS_peak_2912_lociStitched,chr2,191885482,191885644,NM_139266,370,0,237.2976,13.3326
1_MACS_peak_3450_lociStitched,chr3,142894918,142895156,NM_001080415,371,0,289.2176,65.3786
1_MACS_peak_4143_lociStitched,chr6,137544589,137544763,NM_000416,372,0,222.2676,0
1_MACS_peak_4104_lociStitched,chr6,109266900,109267114,NM_032131,373,0,261.7862,39.7826
1_MACS_peak_4571_lociStitched,chr8,135844056,135844233,NM_001174157,374,0,231.7992,10.5492
1_MACS_peak_1943_lociStitched,chr17,8125082,8125302,NR_026951,375,0,255.332,34.892
1_MACS_peak_2485_lociStitched,chr19,39142849,39143025,NM_001398,376,0,228.184,8.6416
1_MACS_peak_2319_lociStitched,chr19,2983456,2983671,NM_001130,377,0,221.493,3.225
1_MACS_peak_1126_lociStitched,chr12,52427627,52427797,NM_002135,378,0,244.562,26.656
1_MACS_peak_4070_lociStitched,chr6,53223838,53224036,NM_021814,379,0,237.0654,23.562
1_MACS_peak_1004_lociStitched,chr11,117091215,117091453,NM_004716,380,0,245.5684,32.3204
1_MACS_peak_1865_lociStitched,chr16,84865633,84865917,NM_017740,381,0,260.0588,47.2292
1_MACS_peak_3291_lociStitched,chr3,12229668,12229908,NM_014160,382,0,264.432,52.968
1_MACS_peak_4401_lociStitched,chr7,150786209,150786435,NM_033015,383,0,257.5722,46.4204
1_MACS_peak_3115_lociStitched,chr21,30375373,30375560,NM_001032410,384,0,223.278,13.8006
1_MACS_peak_803_lociStitched,chr11,17229243,17229455,NM_005013,385,0,247.2344,38.1176
1_MACS_peak_72_lociStitched,chr1,17896030,17896200,NM_001136204,386,0,229.789,21.165
1_MACS_peak_71_lociStitched,chr1,17231173,17231496,NR_002729,387,0,314.0529,107.0422
1_MACS_peak_2318_lociStitched,chr19,2950332,2950560,NM_001172775,388,0,275.9256,68.9244
1_MACS_peak_3349_lociStitched,chr3,50280393,50280574,NM_001166425,389,0,237.9426,31.7474
1_MACS_peak_3695_lociStitched,chr5,43008122,43008323,NR_034085,390,0,245.9235,40.2402
1_MACS_peak_2979_lociStitched,chr2,240851344,240851502,NM_004544,391,0,231.6122,26.2122
1_MACS_peak_2267_lociStitched,chr18,74813025,74813210,NM_001025100,392,0,224.7565,19.425
1_MACS_peak_25_lociStitched,chr1,2186616,2186793,NM_001146310,393,0,245.2689,40.0197
1_MACS_peak_2184_lociStitched,chr17,79360834,79361021,NM_001080519,394,0,236.0501,32.4632
1_MACS_peak_3829_lociStitched,chr5,139017555,139017739,NM_016463,395,0,225.2344,22.356
1_MACS_peak_1512_lociStitched,chr14,77422718,77422860,NM_024496,396,0,202.279,0.1136
1_MACS_peak_794_lociStitched,chr11,10644641,10644821,NM_014633,397,0,204.642,2.682
1_MACS_peak_2798_lociStitched,chr2,87757795,87757981,NR_024204,398,0,261.7764,62.496
1_MACS_peak_2517_lociStitched,chr19,41317140,41317309,NM_016154,399,0,234.1495,35.0675
1_MACS_peak_402_lociStitched,chr1,159892596,159892776,NM_003564,400,0,219.96,21.168
1_MACS_peak_58_lociStitched,chr1,15742722,15742892,NM_001229,401,0,220.32,21.556
1_MACS_peak_4561_lociStitched,chr8,131455670,131455846,NM_016623,402,0,236.2272,38.8256
1_MACS_peak_2830_lociStitched,chr2,112249630,112249816,NR_024373,403,0,258.0564,62.682
1_MACS_peak_1420_lociStitched,chr14,35811204,35811391,NM_020529,404,0,227.6538,32.5193
1_MACS_peak_1699_lociStitched,chr15,96888428,96888587,NM_001145157,405,0,213.2826,20.7495
1_MACS_peak_4260_lociStitched,chr7,65235928,65236084,NR_003110,406,0,223.5636,32.1672
1_MACS_peak_3083_lociStitched,chr20,48892333,48892531,NR_034124,407,0,223.047,31.7988
1_MACS_peak_522_lociStitched,chr1,235098614,235098757,NM_014765,408,0,211.4398,20.7779
1_MACS_peak_2349_lociStitched,chr19,8431877,8432124,NM_004218,409,0,236.4037,45.8185
1_MACS_peak_1125_lociStitched,chr12,52299063,52299289,NM_000020,410,0,227.469,37.5386
1_MACS_peak_2703_lociStitched,chr2,47300457,47300700,NM_001743,411,0,218.7729,29.2329
1_MACS_peak_191_lociStitched,chr1,54954576,54954780,NM_153035,412,0,246.0444,57.1608
1_MACS_peak_3426_lociStitched,chr3,128736402,128736583,NM_198490,413,0,228.784,39.9648
1_MACS_peak_2390_lociStitched,chr19,13147862,13148039,NM_005583,414,0,225.9405,38.0196
1_MACS_peak_1161_lociStitched,chr12,57824157,57824368,NM_001080156,415,0,240.4345,52.8555
1_MACS_peak_2179_lociStitched,chr17,76912195,76912342,NM_003255,416,0,202.272,15.9642
1_MACS_peak_2942_lociStitched,chr2,219151645,219151843,NM_022152,417,0,226.8882,42.2928
1_MACS_peak_2311_lociStitched,chr19,2168365,2168540,NM_032482,418,0,218.4875,33.985
1_MACS_peak_4119_lociStitched,chr6,112005589,112005763,NR_028338,419,0,220.4928,36.2268
1_MACS_peak_4498_lociStitched,chr8,67025827,67026006,NM_002604,420,0,211.5064,27.7092
1_MACS_peak_3240_lociStitched,chr22,43390999,43391151,NM_001142293,421,0,201.1568,17.8144
1_MACS_peak_2455_lociStitched,chr19,19571481,19571697,NM_017660,422,0,207.0144,25.7472
1_MACS_peak_4326_lociStitched,chr7,102152490,102152698,NM_001145269,423,0,259.8336,79.3104
1_MACS_peak_4327_lociStitched,chr7,102251651,102251859,NM_001145269,424,0,259.8336,79.3104
1_MACS_peak_1158_lociStitched,chr12,57480429,57480603,NM_005967,425,0,206.4858,26.361
1_MACS_peak_203_lociStitched,chr1,65468465,65468603,NM_002227,426,0,188.7288,11.3298
1_MACS_peak_873_lociStitched,chr11,62609499,62609674,NM_018093,427,0,215.355,38.675
1_MACS_peak_4154_lociStitched,chr6,144537102,144537297,NM_003764,428,0,207.597,31.1805
1_MACS_peak_1035_lociStitched,chr12,719641,719815,NM_014823,429,0,199.7346,24.3078
1_MACS_peak_1788_lociStitched,chr16,29168772,29168961,NR_002939,430,0,250.0659,76.0725
1_MACS_peak_2471_lociStitched,chr19,36231066,36231268,NM_144987,431,0,210.3224,37.8144
1_MACS_peak_3239_lociStitched,chr22,43329292,43329450,NM_001142293,432,0,186.4874,14.615
1_MACS_peak_2230_lociStitched,chr18,12278967,12279116,NM_032525,433,0,192.0461,21.9775
1_MACS_peak_1111_lociStitched,chr12,48592163,48592294,NM_001166686,434,0,173.4702,5.1352
1_MACS_peak_3122_lociStitched,chr21,34755449,34755593,NM_005534,435,0,194.832,27.1152
1_MACS_peak_4593_lociStitched,chr9,4297639,4297791,NM_017913,436,0,180.804,14.6224
1_MACS_peak_2084_lociStitched,chr17,56032223,56032341,NM_007146,437,0,189.626,23.5882
1_MACS_peak_3164_lociStitched,chr22,19158604,19158777,NM_003325,438,0,184.1239,18.8051
1_MACS_peak_1239_lociStitched,chr12,109085110,109085245,NM_014325,439,0,179.091,13.986
1_MACS_peak_445_lociStitched,chr1,182558056,182558214,NR_036490,440,0,184.3544,19.3708
1_MACS_peak_1082_lociStitched,chr12,14412742,14412890,NM_175054,441,0,187.664,23.3396
1_MACS_peak_1949_lociStitched,chr17,9143720,9143865,NM_201432,442,0,169.331,5.1765
1_MACS_peak_3782_lociStitched,chr5,131793272,131793448,NM_002198,443,0,171.5824,7.7968
1_MACS_peak_4696_lociStitched,chr9,97766859,97767008,NM_032558,444,0,193.8192,30.5152
1_MACS_peak_1960_lociStitched,chr17,16521088,16521257,NR_003043,445,0,208.377,46.3398
1_MACS_peak_2432_lociStitched,chr19,16438930,16439043,NM_016270,446,0,175.7263,13.7182
1_MACS_peak_1766_lociStitched,chr16,19130740,19130918,NM_001034841,447,0,180.047,18.3162
1_MACS_peak_2699_lociStitched,chr2,47074966,47075168,NM_001171506,448,0,182.7696,21.9978
1_MACS_peak_57_lociStitched,chr1,12656366,12656542,NM_004753,449,0,194.2864,34.0208
1_MACS_peak_3934_lociStitched,chr6,3355946,3356152,NM_001069,450,0,213.931,53.9308
1_MACS_peak_3851_lociStitched,chr5,150005222,150005386,NM_007286,451,0,182.9912,23.6816
1_MACS_peak_2183_lociStitched,chr17,78428962,78429111,NM_020914,452,0,185.356,26.3879
1_MACS_peak_1638_lociStitched,chr15,67413595,67413749,NM_001145102,453,0,189.5586,30.646
1_MACS_peak_2368_lociStitched,chr19,11434486,11434646,NM_033408,454,0,183.168,24.816
1_MACS_peak_528_lociStitched,chr1,235246736,235246875,NM_014765,455,0,181.6313,24.9644
1_MACS_peak_4397_lociStitched,chr7,148762462,148762629,NM_152411,456,0,189.4949,32.8489
1_MACS_peak_565_lociStitched,chr10,6206014,6206147,NM_002189,457,0,171.8227,15.3083
1_MACS_peak_1713_lociStitched,chr16,1582154,1582299,NM_016111,458,0,165.6045,9.0915
1_MACS_peak_1505_lociStitched,chr14,75761215,75761376,NM_005252,459,0,164.9606,8.9033
1_MACS_peak_2047_lociStitched,chr17,43221577,43221712,NM_006460,460,0,174.5955,18.927
1_MACS_peak_3955_lociStitched,chr6,20404091,20404217,NM_001080480,461,0,166.1436,10.521
1_MACS_peak_2469_lociStitched,chr19,35927930,35928091,NM_032635,462,0,181.9944,26.5972
1_MACS_peak_1637_lociStitched,chr15,67134901,67135027,NM_001145102,463,0,165.6018,10.8486
1_MACS_peak_91_lociStitched,chr1,24345080,24345227,NM_001191007,464,0,169.9908,15.2439
1_MACS_peak_3904_lociStitched,chr5,176921949,176922151,NM_213636,465,0,199.677,45.0258
1_MACS_peak_930_lociStitched,chr11,65661578,65661731,NM_006848,466,0,160.9407,6.7014
1_MACS_peak_952_lociStitched,chr11,69065225,69065388,NM_001876,467,0,189.0311,34.9798
1_MACS_peak_3979_lociStitched,chr6,30483902,30484102,NM_005516,468,0,186.48,32.44
1_MACS_peak_2279_lociStitched,chr19,1172204,1172371,NM_014963,469,0,180.8109,26.9371
1_MACS_peak_4747_lociStitched,chr9,130857488,130857643,NM_052901,470,0,174.003,20.243
1_MACS_peak_477_lociStitched,chr1,208136527,208136697,NM_172361,471,0,191.335,37.689
1_MACS_peak_100_lociStitched,chr1,27019201,27019325,NM_006015,472,0,168.6896,15.7232
1_MACS_peak_4191_lociStitched,chr7,644557,644733,NM_001130965,473,0,179.9248,27.5088
1_MACS_peak_1597_lociStitched,chr15,42783042,42783196,NM_130798,474,0,168.2758,16.2316
1_MACS_peak_4259_lociStitched,chr7,64541800,64541928,NR_033416,475,0,178.9184,27.0848
1_MACS_peak_2584_lociStitched,chr19,51641649,51641811,NM_001198558,476,0,178.2,26.6652
1_MACS_peak_3297_lociStitched,chr3,14186389,14186560,NM_024334,477,0,178.5069,28.9674
1_MACS_peak_1585_lociStitched,chr15,38422644,38422768,NM_152594,478,0,158.8068,9.5356
1_MACS_peak_545_lociStitched,chr1,247373782,247373905,NM_032752,479,0,159.6294,10.4919
1_MACS_peak_2739_lociStitched,chr2,65086856,65087035,NM_001193493,480,0,191.4584,42.8347
1_MACS_peak_2433_lociStitched,chr19,17190377,17190492,NM_004145,481,0,156.032,7.6475
1_MACS_peak_312_lociStitched,chr1,150584585,150584736,NM_207046,482,0,177.9686,29.6866
1_MACS_peak_2623_lociStitched,chr2,8279041,8279159,NM_004763,483,0,160.7632,12.5552
1_MACS_peak_1642_lociStitched,chr15,70053112,70053236,NM_213725,484,0,153.5988,5.8032
1_MACS_peak_399_lociStitched,chr1,157989215,157989353,NM_001145312,485,0,169.9884,22.6596
1_MACS_peak_1241_lociStitched,chr12,109196322,109196477,NM_001161331,486,0,187.8445,40.951
1_MACS_peak_2896_lociStitched,chr2,174888388,174888497,NM_001172712,487,0,154.671,9.4176
1_MACS_peak_4324_lociStitched,chr7,100765633,100765805,NM_030961,488,0,152.0652,6.9316
1_MACS_peak_1762_lociStitched,chr16,15240356,15240576,NM_018427,489,0,220.792,75.724
1_MACS_peak_2052_lociStitched,chr17,43304942,43305120,NM_144608,490,0,180.7412,35.867
1_MACS_peak_1484_lociStitched,chr14,71787280,71787393,NM_014982,491,0,153.4201,8.9383
1_MACS_peak_4081_lociStitched,chr6,74233261,74233420,NM_001402,492,0,170.4003,26.394
1_MACS_peak_4200_lociStitched,chr7,2903194,2903358,NM_152743,493,0,172.938,29.7168
1_MACS_peak_1511_lociStitched,chr14,77385782,77385918,NM_015305,494,0,147.22,4.6648
1_MACS_peak_1453_lociStitched,chr14,55765346,55765506,NM_152231,495,0,171.408,29.2
1_MACS_peak_1636_lociStitched,chr15,67095012,67095139,NM_017975,496,0,148.6281,6.6929
1_MACS_peak_1872_lociStitched,chr16,88152871,88153060,NM_079837,497,0,214.4016,72.5193
1_MACS_peak_4788_lociStitched,chr9,139434595,139434712,NM_017617,498,0,166.491,25.857
1_MACS_peak_4231_lociStitched,chr7,27154052,27154206,NM_006735,499,0,153.307,12.7666
1_MACS_peak_2641_lociStitched,chr2,20818811,20818988,NM_022460,500,0,170.3448,30.0723
1_MACS_peak_1167_lociStitched,chr12,58259326,58259451,NM_005730,501,0,156.6125,16.95
1_MACS_peak_683_lociStitched,chr10,93567080,93567228,NM_025235,502,0,168.0984,28.9636
1_MACS_peak_746_lociStitched,chr10,126605510,126605646,NM_032182,503,0,152.2384,13.2736
1_MACS_peak_919_lociStitched,chr11,65420186,65420327,NM_001145138,504,0,169.8063,30.9636
1_MACS_peak_4172_lociStitched,chr6,160137573,160137741,NM_004906,505,0,147.7392,9.9792
1_MACS_peak_1284_lociStitched,chr12,124941920,124942087,NM_006312,506,0,192.8182,55.2102
1_MACS_peak_1703_lociStitched,chr15,101228539,101228699,NM_198243,507,0,158.208,20.928
1_MACS_peak_3666_lociStitched,chr4,185776362,185776500,NM_001995,508,0,151.1238,13.9932
1_MACS_peak_937_lociStitched,chr11,67054742,67054876,NM_207354,509,0,147.3866,11.0014
1_MACS_peak_2602_lociStitched,chr19,56117185,56117306,NM_153219,510,0,149.6407,13.7214
1_MACS_peak_1973_lociStitched,chr17,25571667,25571798,NM_134265,511,0,166.501,31.2042
1_MACS_peak_1316_lociStitched,chr13,34116419,34116580,NM_178006,512,0,167.1502,32.6991
1_MACS_peak_3859_lociStitched,chr5,158477322,158477525,NM_144726,513,0,184.527,50.4049
1_MACS_peak_617_lociStitched,chr10,43951497,43951658,NR_026693,514,0,150.2291,16.1161
1_MACS_peak_4723_lociStitched,chr9,117145602,117145759,NM_004888,515,0,152.5412,19.0441
1_MACS_peak_2454_lociStitched,chr19,19516830,19516974,NM_017660,516,0,145.3824,12.528
1_MACS_peak_1743_lociStitched,chr16,11678194,11678318,NM_004862,517,0,137.3424,7.3532
1_MACS_peak_3323_lociStitched,chr3,42054690,42054823,NM_004206,518,0,150.822,21.9051
1_MACS_peak_860_lociStitched,chr11,62167090,62167241,NM_024060,519,0,146.319,17.6066
1_MACS_peak_3230_lociStitched,chr22,41840012,41840177,NM_016272,520,0,164.9505,36.465
1_MACS_peak_4759_lociStitched,chr9,132097372,132097509,NM_178003,521,0,138.5207,11.1792
1_MACS_peak_350_lociStitched,chr1,154379658,154379799,NM_181359,522,0,154.9026,27.7629
1_MACS_peak_2915_lociStitched,chr2,192732218,192732356,NM_001031716,523,0,140.7048,13.7448
1_MACS_peak_2010_lociStitched,chr17,37159018,37159147,NM_006148,524,0,149.2788,22.4847
1_MACS_peak_747_lociStitched,chr10,129847758,129847928,NM_130435,525,0,148.393,21.726
1_MACS_peak_671_lociStitched,chr10,82258352,82258485,NM_001128309,526,0,141.2992,15.0024
1_MACS_peak_3237_lociStitched,chr22,43084896,43085048,NM_000398,527,0,134.0184,8.0104
1_MACS_peak_87_lociStitched,chr1,23889593,23889746,NM_002167,528,0,142.1217,16.4169
1_MACS_peak_2624_lociStitched,chr2,9375785,9375912,NM_004763,529,0,138.0998,12.5603
1_MACS_peak_18_lociStitched,chr1,1660479,1660611,NM_024011,530,0,165.9636,41.0124
1_MACS_peak_4147_lociStitched,chr6,143247751,143247910,NM_006734,531,0,150.5889,25.7739
1_MACS_peak_1705_lociStitched,chr15,102286083,102286239,NM_078474,532,0,206.8248,82.2276
1_MACS_peak_4601_lociStitched,chr9,16336861,16336995,NM_001128217,533,0,154.2474,30.0428
1_MACS_peak_2452_lociStitched,chr19,18770639,18770790,NM_001100419,534,0,163.0045,39.0637
1_MACS_peak_4453_lociStitched,chr8,37679626,37679780,NM_007198,535,0,161.238,37.6068
1_MACS_peak_2096_lociStitched,chr17,58649167,58649303,NM_003620,536,0,137.0472,13.5048
1_MACS_peak_4471_lociStitched,chr8,48436000,48436180,NM_005195,537,0,160.938,37.512
1_MACS_peak_1803_lociStitched,chr16,30670178,30670333,NM_024031,538,0,152.0705,29.109
1_MACS_peak_4307_lociStitched,chr7,98977253,98977424,NM_005720,539,0,152.8398,30.5748
1_MACS_peak_2585_lociStitched,chr19,52207647,52207770,NM_001199324,540,0,141.5976,19.5816
1_MACS_peak_3540_lociStitched,chr4,10020490,10020629,NM_005112,541,0,137.5127,15.8182
1_MACS_peak_1543_lociStitched,chr14,102291135,102291241,NM_178586,542,0,132.076,10.5788
1_MACS_peak_3515_lociStitched,chr3,193859589,193859705,NR_033944,543,0,133.7828,12.76
1_MACS_peak_4724_lociStitched,chr9,117160745,117160854,NM_004888,544,0,133.6667,12.9383
1_MACS_peak_3205_lociStitched,chr22,37680819,37680964,NM_031910,545,0,138.997,18.676
1_MACS_peak_3511_lociStitched,chr3,188498363,188498518,NR_036497,546,0,135.0825,15.4845
1_MACS_peak_3937_lociStitched,chr6,4359416,4359566,NM_003913,547,0,131.19,11.715
1_MACS_peak_1032_lociStitched,chr11,129993822,129993967,NM_001142276,548,0,158.63,39.4255
1_MACS_peak_1463_lociStitched,chr14,65696701,65696840,NM_145165,549,0,141.0572,21.9759
1_MACS_peak_3082_lociStitched,chr20,48809813,48809938,NM_005194,550,0,140.5875,21.7
1_MACS_peak_3533_lociStitched,chr4,2800892,2801004,NM_001145855,551,0,126.6944,7.9856
1_MACS_peak_110_lociStitched,chr1,27818618,27818736,NM_006990,552,0,122.2008,3.7052
1_MACS_peak_4206_lociStitched,chr7,5465456,5465594,NM_001080495,553,0,140.5254,22.1214
1_MACS_peak_409_lociStitched,chr1,160635188,160635351,NM_004371,554,0,154.8989,36.7076
1_MACS_peak_2664_lociStitched,chr2,28823739,28823856,NM_206876,555,0,133.5555,15.3972
1_MACS_peak_1956_lociStitched,chr17,15361045,15361180,NM_001135036,556,0,132.9615,15.336
1_MACS_peak_2088_lociStitched,chr17,56413608,56413765,NR_029683,557,0,135.3183,17.9922
1_MACS_peak_2064_lociStitched,chr17,45302351,45302478,NM_000212,558,0,126.0348,10.7061
1_MACS_peak_1221_lociStitched,chr12,94135697,94135812,NM_003805,559,0,131.537,16.2265
1_MACS_peak_3549_lociStitched,chr4,15006210,15006369,NM_182485,560,0,122.6685,7.4094
1_MACS_peak_2745_lociStitched,chr2,66809024,66809164,NM_181784,561,0,134.792,19.572
1_MACS_peak_4637_lociStitched,chr9,36151492,36151608,NM_007096,562,0,122.3104,8.0388
1_MACS_peak_580_lociStitched,chr10,22541375,22541492,NM_012071,563,0,126.9801,13.0338
1_MACS_peak_2563_lociStitched,chr19,48246204,48246330,NM_003009,564,0,142.2414,28.4508
1_MACS_peak_1650_lociStitched,chr15,74275844,74276002,NM_033244,565,0,145.676,32.9746
1_MACS_peak_154_lociStitched,chr1,36853591,36853699,NM_032017,566,0,131.4252,19.1916
1_MACS_peak_80_lociStitched,chr1,21651159,21651283,NM_001397,567,0,128.2284,15.996
1_MACS_peak_2977_lociStitched,chr2,240143039,240143169,NM_006037,568,0,127.465,15.301
1_MACS_peak_3010_lociStitched,chr20,5273433,5273595,NM_182649,569,0,136.323,25.4016
1_MACS_peak_1894_lociStitched,chr17,1633950,1634103,NM_152348,570,0,153.0765,42.3198
1_MACS_peak_1611_lociStitched,chr15,50170785,50170927,NR_024490,571,0,129.4756,18.7724
1_MACS_peak_3714_lociStitched,chr5,64331519,64331702,NM_173829,572,0,181.5726,70.8942
1_MACS_peak_4605_lociStitched,chr9,19183988,19184134,NM_001122,573,0,115.8072,5.1976
1_MACS_peak_4303_lociStitched,chr7,98629307,98629415,NM_020429,574,0,123.6168,13.2408
1_MACS_peak_3841_lociStitched,chr5,146783326,146783492,NM_001387,575,0,140.1206,30.4942
1_MACS_peak_1141_lociStitched,chr12,54805785,54805910,NM_002205,576,0,138.525,29
1_MACS_peak_1980_lociStitched,chr17,27252923,27253063,NM_001033561,577,0,140,30.996
1_MACS_peak_3973_lociStitched,chr6,29945011,29945126,NR_026751,578,0,124.7405,15.778
1_MACS_peak_2185_lociStitched,chr17,79394171,79394295,NM_001080519,579,0,120.2428,11.656
1_MACS_peak_3985_lociStitched,chr6,30649557,30649681,NM_001134870,580,0,134.4408,26.0648
1_MACS_peak_463_lociStitched,chr1,202834501,202834662,NM_006618,581,0,125.3868,17.8388
1_MACS_peak_2051_lociStitched,chr17,43249236,43249377,NM_144608,582,0,134.2038,26.9028
1_MACS_peak_816_lociStitched,chr11,33725152,33725251,NM_001166692,583,0,130.2939,23.2254
1_MACS_peak_1741_lociStitched,chr16,10652163,10652286,NM_001424,584,0,112.914,6.396
1_MACS_peak_2143_lociStitched,chr17,74248478,74248600,NM_002766,585,0,116.2782,10.7848
1_MACS_peak_4099_lociStitched,chr6,106967802,106967923,NM_004849,586,0,127.8728,22.6633
1_MACS_peak_2961_lociStitched,chr2,230996219,230996363,NM_004510,587,0,134.6688,30.6144
1_MACS_peak_4461_lociStitched,chr8,38662603,38662739,NM_021623,588,0,126.8608,22.8072
1_MACS_peak_149_lociStitched,chr1,36626914,36627018,NM_018067,589,0,114.088,10.1608
1_MACS_peak_741_lociStitched,chr10,123822458,123822573,NM_007041,590,0,111.4925,8.165
1_MACS_peak_2522_lociStitched,chr19,42757113,42757235,NM_006494,591,0,126.7458,23.4606
1_MACS_peak_1510_lociStitched,chr14,76455139,76455257,NM_052873,592,0,112.4894,9.4754
1_MACS_peak_2071_lociStitched,chr17,48225731,48225873,NM_018346,593,0,119.351,16.4152
1_MACS_peak_2226_lociStitched,chr18,9775662,9775780,NM_006868,594,0,111.3094,8.4252
1_MACS_peak_4685_lociStitched,chr9,94183717,94183813,NM_005384,595,0,108,5.6832
1_MACS_peak_1371_lociStitched,chr13,111658280,111658434,NM_017664,596,0,128.1742,26.0414
1_MACS_peak_35_lociStitched,chr1,8013941,8014060,NM_001123377,597,0,118.1194,16.9813
1_MACS_peak_2540_lociStitched,chr19,45596339,45596460,NM_007056,598,0,114.3329,14.3748
1_MACS_peak_197_lociStitched,chr1,59369825,59369934,NR_034015,599,0,100.1383,0.3597
1_MACS_peak_3129_lociStitched,chr21,36258323,36258467,NM_001122607,600,0,141.3648,41.7888
1_MACS_peak_2934_lociStitched,chr2,206620214,206620329,NM_017759,601,0,116.518,17.664
1_MACS_peak_4598_lociStitched,chr9,14097299,14097426,NM_001190737,602,0,122.0724,23.9141
1_MACS_peak_1952_lociStitched,chr17,10017622,10017746,NM_201432,603,0,109.3556,11.3584
1_MACS_peak_1674_lociStitched,chr15,89675378,89675492,NM_007011,604,0,107.5818,10.1346
1_MACS_peak_4777_lociStitched,chr9,134269975,134270090,NM_005085,605,0,101.016,3.68
1_MACS_peak_3288_lociStitched,chr3,11408865,11409008,NM_001144912,606,0,125.9258,29.1148
1_MACS_peak_844_lociStitched,chr11,57545543,57545648,NM_170746,607,0,121.485,24.8115
1_MACS_peak_4684_lociStitched,chr9,93970777,93970914,NM_005384,608,0,141.8909,45.621
1_MACS_peak_2077_lociStitched,chr17,49009103,49009214,NM_001130528,609,0,106.227,10.6449
1_MACS_peak_3037_lociStitched,chr20,34355899,34356024,NM_016436,610,0,110.0125,15.0375
1_MACS_peak_669_lociStitched,chr10,81053246,81053371,NM_153367,611,0,97.7625,3.225
1_MACS_peak_4426_lociStitched,chr8,17532021,17532135,NM_006197,612,0,110.8422,16.3476
1_MACS_peak_491_lociStitched,chr1,226005142,226005269,NM_003133,613,0,118.1735,23.7363
1_MACS_peak_1256_lociStitched,chr12,117257131,117257260,NM_001085481,614,0,107.8827,14.3835
1_MACS_peak_1950_lociStitched,chr17,9878153,9878297,NM_201432,615,0,99.4176,6.1344
1_MACS_peak_2263_lociStitched,chr18,60193567,60193718,NM_017742,616,0,135.5678,42.4763
1_MACS_peak_3625_lociStitched,chr4,123073786,123073895,NM_176824,617,0,107.9427,15.3363
1_MACS_peak_3948_lociStitched,chr6,16713772,16713898,NM_000332,618,0,116.7516,24.1794
1_MACS_peak_3048_lociStitched,chr20,39876403,39876519,NM_182811,619,0,104.806,12.4004
1_MACS_peak_4273_lociStitched,chr7,72395273,72395388,NR_024110,620,0,97.888,5.5545
1_MACS_peak_2391_lociStitched,chr19,13164731,13164848,NM_005583,621,0,125.5644,33.7428
1_MACS_peak_2586_lociStitched,chr19,52275315,52275425,NM_001199324,622,0,99.781,8.096
1_MACS_peak_4820_lociStitched,chrX,49012473,49012587,NM_001099680,623,0,98.0628,6.7602
1_MACS_peak_3091_lociStitched,chr20,52238266,52238388,NM_002623,624,0,99.43,8.1862
1_MACS_peak_3490_lociStitched,chr3,177076833,177076965,NM_024665,625,0,118.3512,27.4692
1_MACS_peak_263_lociStitched,chr1,118321348,118321468,NM_001135589,626,0,102.792,11.952
1_MACS_peak_1536_lociStitched,chr14,95983147,95983297,NR_015415,627,0,96.465,5.805
1_MACS_peak_1038_lociStitched,chr12,1714770,1714889,NM_152441,628,0,105.9338,15.6366
1_MACS_peak_129_lociStitched,chr1,32966125,32966236,NM_001143888,629,0,98.3016,8.0364
1_MACS_peak_190_lociStitched,chr1,54739634,54739752,NM_153035,630,0,110.1294,20.06
1_MACS_peak_1942_lociStitched,chr17,8076917,8077032,NM_014232,631,0,108.652,18.6875
1_MACS_peak_2744_lociStitched,chr2,65663016,65663146,NM_181784,632,0,113.386,23.582
1_MACS_peak_4726_lociStitched,chr9,123837360,123837477,NM_001190945,633,0,103.0887,13.3029
1_MACS_peak_4639_lociStitched,chr9,36488021,36488143,NM_194329,634,0,101.077,11.2972
1_MACS_peak_591_lociStitched,chr10,30842739,30842863,NM_005204,635,0,101.7916,12.0404
1_MACS_peak_3957_lociStitched,chr6,24721798,24721907,NM_001160094,636,0,99.7241,10.0389
1_MACS_peak_1292_lociStitched,chr12,125412662,125412784,NM_021009,637,0,122.3172,33.001
1_MACS_peak_4284_lociStitched,chr7,75921375,75921495,NM_001540,638,0,99.84,10.524
1_MACS_peak_3412_lociStitched,chr3,119349102,119349247,NM_005694,639,0,112.491,23.49
1_MACS_peak_1946_lociStitched,chr17,8316211,8316386,NM_001025579,640,0,123.2,34.44
1_MACS_peak_221_lociStitched,chr1,87800749,87800906,NM_006769,641,0,122.8525,34.3202
1_MACS_peak_4462_lociStitched,chr8,38794574,38794731,NM_021623,642,0,133.607,45.5614
1_MACS_peak_1757_lociStitched,chr16,14151718,14151832,NM_001134477,643,0,97.0026,8.9718
1_MACS_peak_2542_lociStitched,chr19,45947323,45947423,NM_001983,644,0,98.24,10.64
1_MACS_peak_158_lociStitched,chr1,39512471,39512587,NM_004552,645,0,103.6228,16.0776
1_MACS_peak_3689_lociStitched,chr5,39502113,39502230,NM_199335,646,0,112.0275,24.9327
1_MACS_peak_4169_lociStitched,chr6,158981353,158981477,NM_006519,647,0,108.1776,21.1668
1_MACS_peak_3567_lociStitched,chr4,41144384,41144508,NM_001098634,648,0,103.3912,16.3804
1_MACS_peak_2150_lociStitched,chr17,75124812,75124923,NR_027058,649,0,93.573,6.5712
1_MACS_peak_82_lociStitched,chr1,22237917,22238040,NR_023918,650,0,98.3016,11.3898
1_MACS_peak_1866_lociStitched,chr16,85587979,85588093,NM_014615,651,0,103.3866,16.6782
1_MACS_peak_690_lociStitched,chr10,97026186,97026299,NM_020992,652,0,91.0215,4.3957
1_MACS_peak_4153_lociStitched,chr6,143268254,143268344,NM_006734,653,0,99.189,12.645
1_MACS_peak_4599_lociStitched,chr9,14323113,14323229,NM_001190737,654,0,102.7992,17.69
1_MACS_peak_165_lociStitched,chr1,40850638,40850767,NM_001198978,655,0,110.7207,25.6452
1_MACS_peak_1712_lociStitched,chr16,1470547,1470628,NM_001287,656,0,84.5154,0
1_MACS_peak_206_lociStitched,chr1,66737834,66737957,NM_024763,657,0,98.4738,13.9605
1_MACS_peak_234_lociStitched,chr1,100851238,100851335,NM_033312,658,0,85.5249,1.0185
1_MACS_peak_1231_lociStitched,chr12,104572463,104572581,NM_006166,659,0,92.0872,7.6228
1_MACS_peak_4801_lociStitched,chrX,24043207,24043316,NM_001415,660,0,98.0673,14.17
1_MACS_peak_3013_lociStitched,chr20,5637651,5637759,NM_019593,661,0,84.1644,0.4212
1_MACS_peak_2255_lociStitched,chr18,33161995,33162108,NM_006965,662,0,100.7282,17.1308
1_MACS_peak_232_lociStitched,chr1,95479813,95479917,NM_001839,663,0,94.0368,11.0344
1_MACS_peak_1465_lociStitched,chr14,67736941,67737070,NM_022474,664,0,97.1112,14.5254
1_MACS_peak_1738_lociStitched,chr16,8726145,8726259,NM_015421,665,0,92.9214,10.3968
1_MACS_peak_1156_lociStitched,chr12,56963675,56963786,NM_013449,666,0,100.6104,18.648
1_MACS_peak_1069_lociStitched,chr12,11966034,11966150,NM_001987,667,0,106.5228,24.8124
1_MACS_peak_2188_lociStitched,chr17,79482300,79482416,NM_001614,668,0,98.89,17.2724
1_MACS_peak_2718_lociStitched,chr2,56112409,56112519,NM_001122964,669,0,95.051,13.541
1_MACS_peak_1911_lociStitched,chr17,4618387,4618513,NM_001165417,670,0,90.846,9.3618
1_MACS_peak_460_lociStitched,chr1,201684055,201684177,NM_001193570,671,0,96.7582,15.8722
1_MACS_peak_1570_lociStitched,chr15,31508252,31508356,NM_015995,672,0,82.4512,2.5376
1_MACS_peak_4604_lociStitched,chr9,19161266,19161378,NM_001122,673,0,87.6512,8.0976
1_MACS_peak_3100_lociStitched,chr20,61425325,61425469,NM_001193370,674,0,117.1152,38.1744
1_MACS_peak_977_lociStitched,chr11,96072447,96072556,NM_024725,675,0,101.5553,22.9227
1_MACS_peak_3084_lociStitched,chr20,48922293,48922412,NR_034124,676,0,101.3761,23.1931
1_MACS_peak_3027_lociStitched,chr20,31056859,31056961,NM_001164603,677,0,85.1088,7.5888
1_MACS_peak_3652_lociStitched,chr4,169981700,169981817,NM_032783,678,0,87.4224,11.3022
1_MACS_peak_2316_lociStitched,chr19,2620511,2620616,NM_015675,679,0,83.223,7.2345
1_MACS_peak_2634_lociStitched,chr2,19081271,19081388,NM_020905,680,0,89.4816,13.7241
1_MACS_peak_2320_lociStitched,chr19,3141677,3141781,NM_001130,681,0,75.4104,0
1_MACS_peak_2246_lociStitched,chr18,22929695,22929825,NM_001007559,682,0,88.062,13.039
1_MACS_peak_4602_lociStitched,chr9,16704782,16704898,NM_001128217,683,0,89.4824,15.6368
1_MACS_peak_3420_lociStitched,chr3,126185960,126186070,NM_001040653,684,0,80.85,7.084
1_MACS_peak_4789_lociStitched,chr9,139459429,139459541,NM_017617,685,0,90.0816,16.8
1_MACS_peak_426_lociStitched,chr1,170677859,170677970,NM_006902,686,0,82.6839,9.7125
1_MACS_peak_3668_lociStitched,chr4,186644133,186644258,NR_028085,687,0,80.5,7.65
1_MACS_peak_4472_lociStitched,chr8,48543645,48543757,NM_005195,688,0,86.0608,13.3616
1_MACS_peak_1662_lociStitched,chr15,78316688,78316811,NR_026998,689,0,106.2843,33.6282
1_MACS_peak_699_lociStitched,chr10,99301923,99302052,NM_022362,690,0,83.7468,12.1905
1_MACS_peak_1875_lociStitched,chr16,89307767,89307885,NM_182531,691,0,81.4436,10.3722
1_MACS_peak_4246_lociStitched,chr7,43687202,43687302,NM_004760,692,0,90.91,19.94
1_MACS_peak_1879_lociStitched,chr16,89571519,89571643,NM_199367,693,0,89.962,19.096
1_MACS_peak_1117_lociStitched,chr12,49628164,49628256,NM_032704,694,0,80.4356,10.8836
1_MACS_peak_4798_lociStitched,chrX,13178809,13178920,NM_021109,695,0,69.0864,0
1_MACS_peak_1898_lociStitched,chr17,2143319,2143423,NM_018128,696,0,95.108,26.364
1_MACS_peak_1870_lociStitched,chr16,87497595,87497713,NM_022818,697,0,86.1754,17.582
1_MACS_peak_2139_lociStitched,chr17,73866199,73866307,NM_033452,698,0,70.8588,2.8944
1_MACS_peak_4531_lociStitched,chr8,103766173,103766314,NM_005655,699,0,92.7357,26.4234
1_MACS_peak_1897_lociStitched,chr17,2117627,2117725,NM_018128,700,0,72.6866,6.5464
1_MACS_peak_3865_lociStitched,chr5,171931170,171931299,NM_001142651,701,0,90.9708,24.9615
1_MACS_peak_2734_lociStitched,chr2,64871350,64871480,NM_014755,702,0,76.947,11.414
1_MACS_peak_562_lociStitched,chr10,4284968,4285105,NR_027653,703,0,83.981,19.0704
1_MACS_peak_1583_lociStitched,chr15,34782735,34782822,NM_001042495,704,0,71.8011,7.656
1_MACS_peak_1539_lociStitched,chr14,100659888,100659988,NM_003403,705,0,72.93,9.21
1_MACS_peak_352_lociStitched,chr1,154406786,154406880,NM_181359,706,0,75.999,12.3704
1_MACS_peak_4464_lociStitched,chr8,42149980,42150071,NM_001190721,707,0,72.2722,9.1455
1_MACS_peak_1885_lociStitched,chr17,772003,772094,NM_016080,708,0,63.0448,0.1183
1_MACS_peak_3370_lociStitched,chr3,57042379,57042489,NM_012096,709,0,79.97,17.248
1_MACS_peak_2620_lociStitched,chr2,1724384,1724483,NM_012293,710,0,69.3198,7.3854
1_MACS_peak_2713_lociStitched,chr2,54644016,54644130,NM_001100396,711,0,65.4132,3.8874
1_MACS_peak_3299_lociStitched,chr3,14894850,14894961,NM_003298,712,0,72.039,10.9446
1_MACS_peak_3721_lociStitched,chr5,66311202,66311295,NM_139168,713,0,68.6712,7.8027
1_MACS_peak_489_lociStitched,chr1,225894815,225894927,NM_018212,714,0,65.5872,4.9056
1_MACS_peak_4564_lociStitched,chr8,134163906,134164016,NM_006096,715,0,71.269,10.879
1_MACS_peak_3585_lociStitched,chr4,74738990,74739102,NM_198889,716,0,83.3952,23.4304
1_MACS_peak_1784_lociStitched,chr16,28148500,28148610,NM_015171,717,0,81.917,22
1_MACS_peak_3173_lociStitched,chr22,23648571,23648658,NM_004327,718,0,66.9552,7.2297
1_MACS_peak_4736_lociStitched,chr9,130324008,130324096,NM_138361,719,0,69.256,9.592
1_MACS_peak_3603_lociStitched,chr4,84690581,84690694,NM_016067,720,0,73.1675,14.1702
1_MACS_peak_4409_lociStitched,chr7,158416075,158416191,NM_020728,721,0,72.094,14.442
1_MACS_peak_4411_lociStitched,chr7,158610186,158610295,NM_020728,722,0,77.7715,20.2631
1_MACS_peak_1676_lociStitched,chr15,90718511,90718671,NM_020210,723,0,96.288,39.84
1_MACS_peak_482_lociStitched,chr1,220962386,220962514,NM_017898,724,0,81.6256,25.2544
1_MACS_peak_2696_lociStitched,chr2,46190296,46190412,NM_005400,725,0,73.9268,19.6736
1_MACS_peak_829_lociStitched,chr11,47276723,47276821,NM_005693,726,0,64.7682,11.3582
1_MACS_peak_1267_lociStitched,chr12,120690905,120691022,NM_025157,727,0,53.118,0
1_MACS_peak_619_lociStitched,chr10,52191499,52191602,NM_147156,728,0,70.3799,17.3967
1_MACS_peak_3364_lociStitched,chr3,52086657,52086725,NM_000666,729,0,56.2496,3.944
1_MACS_peak_4492_lociStitched,chr8,61823754,61823884,NM_017780,730,0,75.179,24.037
1_MACS_peak_4145_lociStitched,chr6,138863270,138863382,NM_014320,731,0,64.176,13.1488
1_MACS_peak_3734_lociStitched,chr5,77843006,77843123,NM_005779,732,0,72.7506,22.1247
1_MACS_peak_3182_lociStitched,chr22,28169249,28169353,NM_012399,733,0,60.7984,10.5768
1_MACS_peak_4234_lociStitched,chr7,30842711,30842811,NM_032222,734,0,49.39,0
1_MACS_peak_341_lociStitched,chr1,153954506,153954607,NM_002870,735,0,68.1346,18.887
1_MACS_peak_2562_lociStitched,chr19,48233235,48233344,NM_003009,736,0,72.9319,23.8274
1_MACS_peak_461_lociStitched,chr1,202102041,202102141,NM_138795,737,0,62.52,13.96
1_MACS_peak_2917_lociStitched,chr2,197104550,197104681,NM_004226,738,0,82.6872,34.7281
1_MACS_peak_2867_lociStitched,chr2,145287594,145287706,NM_001164629,739,0,61.6336,15.3664
1_MACS_peak_1205_lociStitched,chr12,78386628,78386743,NM_001321,740,0,66.3665,20.24
1_MACS_peak_133_lociStitched,chr1,33477286,33477371,NM_153341,741,0,73.3975,27.353
1_MACS_peak_2750_lociStitched,chr2,70144313,70144400,NM_002357,742,0,60.1518,14.703
1_MACS_peak_2117_lociStitched,chr17,66124294,66124389,NM_016627,743,0,57.076,11.7515
1_MACS_peak_400_lociStitched,chr1,158771721,158771833,NM_005531,744,0,61.5104,16.3856
1_MACS_peak_859_lociStitched,chr11,61792427,61792520,NM_002032,745,0,55.5954,11.1228
1_MACS_peak_1535_lociStitched,chr14,95949134,95949234,NR_015415,746,0,63.94,19.58
1_MACS_peak_1696_lociStitched,chr15,93450993,93451101,NR_036136,747,0,55.4148,11.124
1_MACS_peak_484_lociStitched,chr1,222815052,222815140,NM_022831,748,0,59.5584,17.3096
1_MACS_peak_1333_lociStitched,chr13,49117082,49117164,NM_001268,749,0,46.8466,5.2316
1_MACS_peak_481_lociStitched,chr1,220426795,220426909,NM_017898,750,0,58.3224,17.2824
1_MACS_peak_4204_lociStitched,chr7,5029620,5029715,NR_015449,751,0,65.892,25.5835
1_MACS_peak_2742_lociStitched,chr2,65432105,65432195,NM_001005386,752,0,50.04,10.548
1_MACS_peak_1562_lociStitched,chr14,105783897,105784000,NM_001519,753,0,50.7481,12.2879
1_MACS_peak_4540_lociStitched,chr8,107785168,107785261,NM_181354,754,0,55.1211,17.3073
1_MACS_peak_4097_lociStitched,chr6,90928497,90928613,NM_021813,755,0,51.04,14.3724
1_MACS_peak_2671_lociStitched,chr2,33281392,33281470,NM_016252,756,0,43.173,9.867
1_MACS_peak_1771_lociStitched,chr16,21652184,21652283,NM_001077180,757,0,46.6092,13.3947
1_MACS_peak_3019_lociStitched,chr20,20445891,20445988,NM_020343,758,0,42.2338,10.4275
1_MACS_peak_4215_lociStitched,chr7,5764018,5764113,NM_207116,759,0,60.3915,28.937
1_MACS_peak_695_lociStitched,chr10,98561325,98561556,NM_001170766,760,0,3712.7475,3682.1169
1_MACS_peak_3361_lociStitched,chr3,51891481,51891583,NM_005485,761,0,44.7168,21.165
1_MACS_peak_1523_lociStitched,chr14,88237566,88237831,NM_000153,762,0,4679.9,4658.859
1_MACS_peak_4826_lociStitched,chrX,58561373,58561449,NM_007156,763,0,2006.2784,2896.1244
1_MACS_peak_3109_lociStitched,chr21,11186200,11186305,NR_037458,764,0,2896.8975,3242.1165
1_MACS_peak_1994_lociStitched,chr17,33478110,33478373,NM_057178,765,0,5238.4866,6003.9218
1_MACS_peak_4126_lociStitched,chr6,119558495,119558770,NM_005907,766,0,7106.11,7305.4025
1_MACS_peak_3578_lociStitched,chr4,68265436,68265722,NM_001812,767,0,6929.6942,8763.7836
1_MACS_peak_967_lociStitched,chr11,85194995,85195310,NM_001193537,768,0,6308.4735,6828.0345
1_MACS_peak_4257_lociStitched,chr7,61969215,61969564,NR_033416,769,0,21479.3097,29519.5717
1_MACS_peak_226_lociStitched,chr1,91852778,91853152,NM_003503,770,0,10811.779,14228.9048
1_MACS_peak_382_lociStitched,chr1,156186185,156186659,NM_007221,771,0,11708.4636,11845.2126
1_MACS_peak_2238_lociStitched,chr18,18519823,18520411,NM_005406,772,0,12719.616,18744.3816
1_MACS_peak_2458_lociStitched,chr19,27732978,27733566,NM_006003,773,0,18208.7136,23550.3996
1_MACS_peak_272_lociStitched,chr1,121484051,121485436,NM_024408,774,0,232479.0365,318466.069
2_MACS_peak_836_lociStitched,chr11,51586860,51588982,NM_015231,775,0,8105.6156,11163.2054
2_MACS_peak_3810_lociStitched,chr5,134260765,134263566,NM_032151,776,0,69230.9165,76863.3614
4_MACS_peak_4076_lociStitched,chr6,58776191,58779722,NM_004282,777,0,98291.0346,139256.2842
2_MACS_peak_606_lociStitched,chr10,42379804,42385356,NM_006955,778,0,77719.672,102552.6576
4_MACS_peak_1_lociStitched,chr1,564457,570309,NR_024321,779,0,185857.7644,199791.9616
7_MACS_peak_2859_lociStitched,chr2,133023050,133031093,NR_027020,780,0,100366.9884,106687.1778
2_MACS_peak_1815_lociStitched,chr16,33953062,33963825,NM_003414,782,0,73785.7465,81432.858
